Id,Category
9213,0
17427,1
4753,3
4640,3
20412,3
18365,3
22214,3
9024,3
4450,4
12061,1
17775,3
16437,1
4682,3
11145,2
22281,4
16220,1
13766,3
14344,3
22329,4
1265,1
1416,3
2908,1
981,1
21210,3
8788,3
18793,3
23171,3
22621,3
24154,3
2894,1
15523,1
21291,4
10161,3
23969,3
6025,3
20639,3
24841,3
20420,3
20223,3
22791,3
22352,4
8277,2
5254,3
21338,4
9998,3
11258,1
7,1
2695,1
7176,3
10063,0
11396,4
16628,1
2498,1
14260,4
21713,3
2689,1
2102,3
39,3
5384,3
2660,1
14353,3
22756,4
14450,4
19838,3
20905,4
6063,3
2090,1
16739,3
16170,3
2635,1
24175,3
24463,3
14391,3
8771,0
21446,0
23892,1
7387,3
22858,3
9150,4
15485,1
23337,4
13285,4
16557,1
5108,3
16700,3
18711,3
15695,1
19,4
5960,3
5089,4
13769,3
767,3
13230,4
13343,3
5894,3
1391,4
6479,4
12713,4
11801,4
19309,0
22941,4
21931,4
23887,4
11724,4
4577,3
2358,1
20756,3
18889,1
7581,0
19087,4
15873,3
19492,3
9307,3
23384,4
2360,1
12952,1
5835,3
15388,3
16850,3
117,3
23143,4
5300,3
17380,1
23035,4
4987,4
20496,3
10117,4
12452,1
21310,3
19691,3
8834,3
1095,3
15568,3
15451,1
13195,1
21599,4
3591,3
11815,3
13819,3
21712,3
5453,3
417,4
10799,4
762,3
8202,1
5873,3
7721,3
21420,3
1634,1
12159,3
1705,4
1268,1
8589,3
20614,3
18358,4
24743,1
20415,3
1900,3
3445,4
2131,3
20859,3
20707,3
20814,4
5855,3
21208,3
18987,3
16011,3
18211,3
3216,3
1525,1
16341,0
19012,3
4761,3
23808,2
20796,3
6629,3
15778,1
5209,4
23537,3
12422,3
17565,1
16934,1
19983,3
4613,4
3550,3
8927,1
17383,4
8536,4
6031,3
15984,4
22474,3
20023,3
24566,3
10275,1
16769,3
11915,3
14626,3
14600,3
11060,2
8124,3
20015,4
7099,3
10163,3
8677,3
6555,3
4680,3
7801,4
1940,1
6023,3
16197,1
4716,3
20402,3
16305,3
1748,4
12818,3
23439,3
21281,3
80,3
3656,3
20135,3
14180,3
13282,4
22142,4
3430,3
14470,3
15926,4
848,1
19185,3
15314,1
9678,4
7019,3
2699,1
24430,1
4669,0
4326,3
21271,3
9080,4
5202,3
2179,1
24586,3
399,3
19169,4
525,3
5699,3
9612,3
10225,1
19000,3
18837,3
13969,3
607,3
9502,3
5569,3
2185,1
1125,1
10148,3
4229,3
21672,4
15652,3
7542,0
15477,4
15801,1
14253,3
7503,3
933,3
18310,3
24316,3
24458,1
18853,4
7630,3
8208,0
13005,3
7670,4
12241,3
784,3
19804,3
16344,1
12426,4
24924,4
7349,3
14647,3
15404,1
3262,3
4137,4
1812,4
20881,3
23873,4
9300,3
654,3
6421,3
14394,3
14321,3
11943,3
5096,3
17147,3
14548,3
22587,4
11972,3
19301,3
13314,4
25005,1
9903,1
11360,3
6154,3
10249,1
230,3
24432,1
5119,3
13178,3
24177,1
6009,3
12134,3
19576,4
23138,3
16460,3
14419,4
12751,4
15455,1
4747,4
11958,3
21109,3
12053,1
19433,3
20191,3
14227,4
1057,4
3222,3
15876,1
18507,3
17194,3
17917,3
524,3
15543,1
5038,3
12730,4
6017,3
2420,1
4970,3
15665,3
13831,3
22993,3
16930,3
14870,1
17094,1
6366,3
23975,3
15174,3
3134,3
1800,1
2087,1
24500,3
14289,3
21657,3
23926,4
11830,1
21294,3
12627,3
9227,3
4741,3
10538,3
2677,3
17234,3
11980,3
15755,3
23007,3
16631,1
21002,3
10943,3
24186,1
22614,3
24179,3
18738,4
19850,3
23037,4
7822,3
22189,3
19107,3
1302,4
16185,1
9196,4
3237,3
1239,3
21016,3
12283,3
709,4
14404,3
5294,3
14569,3
25147,3
642,3
22581,4
8842,3
17253,3
19719,4
21298,3
11329,3
3124,4
13150,3
24214,3
14149,3
23648,1
14670,4
6192,3
7762,3
14515,3
7852,0
3558,4
20771,3
7196,3
17338,4
13653,3
23082,4
15070,3
5103,3
7687,3
5763,3
24462,4
13677,3
8634,3
2054,1
4093,4
24478,1
17054,4
3900,3
2069,1
4288,3
4692,3
2693,3
15213,3
8953,1
7452,4
10995,3
20893,4
3075,4
16022,3
15555,4
6865,4
10417,3
16677,1
14932,3
10914,3
17578,3
8192,1
6755,4
2470,1
10297,1
555,1
14311,4
334,3
24284,1
23751,2
15622,4
21786,3
6813,4
3076,4
18634,1
7990,1
11598,4
11135,1
11478,4
18043,4
262,3
17672,4
20950,4
20655,3
13366,1
24183,4
4843,3
681,4
770,4
9914,1
19387,3
8855,3
6234,4
6253,3
14046,3
2759,4
17210,3
10513,4
20766,3
12160,3
21990,0
18790,3
18230,1
5324,3
14749,3
20769,3
4991,3
9683,0
23669,2
11719,3
18653,3
13214,1
7226,3
11236,3
8739,3
12724,3
12297,1
11536,1
3005,3
1887,3
3325,3
16869,1
10286,1
14835,3
1910,1
14509,3
4024,3
4972,3
993,1
4548,3
7549,3
2177,1
7482,3
9787,2
9713,4
5793,3
7530,1
18517,3
12527,1
23802,4
455,3
312,1
10916,3
18698,1
713,3
24338,4
3877,3
10110,0
22539,3
16246,3
16564,1
8812,4
1935,1
14841,1
311,1
23697,0
20734,3
8863,3
20809,3
18629,1
5064,3
5681,3
920,3
562,1
21700,3
17669,1
9912,1
3316,0
14632,3
6517,4
9057,3
12292,1
24534,3
4504,3
8741,1
25040,3
23120,3
3496,3
20096,3
8236,1
11400,3
11540,3
21725,4
10988,3
6114,3
14130,3
14266,3
7273,3
16280,3
24941,1
22434,3
3160,3
6842,3
14480,3
17225,1
21526,4
9603,3
13595,3
2411,4
465,0
23449,3
7539,3
5772,3
21627,3
22500,3
1452,4
24637,4
20783,3
11908,1
23968,3
22045,4
14916,3
12480,0
228,4
4631,3
14539,4
24863,3
14236,3
18431,3
3004,0
5019,3
12381,3
4239,3
3577,4
11361,3
8825,1
21360,3
6796,3
17410,3
9808,3
22809,3
12633,3
13896,3
14737,4
22740,4
15309,1
16431,3
5342,3
6422,3
5129,3
23741,2
1076,3
24956,1
5880,3
13547,3
1292,4
6395,4
20094,3
2168,3
14850,3
2657,1
12596,4
20426,3
14588,1
7149,1
9894,3
1950,1
19065,4
24867,4
18125,3
1982,1
17463,3
12280,0
19812,4
4705,4
20398,3
4922,3
21118,3
21288,4
20395,3
15838,3
11041,3
4440,3
18891,1
15694,1
11973,3
4021,3
17980,3
13941,3
18259,3
23694,4
9768,4
14337,3
23395,3
16469,1
16705,3
19863,3
11583,4
17482,1
12840,3
15283,1
19769,3
23094,4
4798,3
23690,1
10698,3
22378,3
16734,0
2585,3
21613,3
24137,3
22152,3
5239,3
471,0
22443,4
18730,4
4766,3
24236,3
1896,3
10295,3
13631,3
20010,3
20456,3
23625,3
19239,3
393,4
12719,3
19057,3
17839,3
14530,3
2050,1
2134,3
22816,4
8883,1
11841,1
4536,3
3399,3
19434,3
21941,3
14689,3
8070,1
16725,4
17924,1
15163,4
23988,3
16096,3
8126,3
22466,3
21506,3
22580,3
778,4
6282,3
10244,1
7985,4
19868,3
19083,3
20848,3
22774,3
16014,1
22883,3
13641,4
12171,1
21913,4
5502,3
5679,3
2785,4
13412,4
12051,1
16189,3
4876,3
14991,4
11357,3
3997,4
5503,3
16418,3
19549,3
17422,1
9412,1
18871,4
9325,0
987,1
9167,4
16796,1
21964,3
22648,3
1020,1
251,1
25153,3
7531,4
10540,3
123,1
19956,3
5295,3
9362,3
23638,3
3818,3
20287,3
15227,1
19519,3
8781,2
22840,4
18527,3
15955,3
16036,3
7795,3
13339,4
19977,3
21117,3
17542,4
22853,3
13051,3
8880,1
5012,0
24618,3
8872,1
24940,1
13019,3
1425,1
7035,3
11649,3
11096,3
2008,1
22104,1
9074,4
18851,4
24667,3
182,3
8695,1
14531,3
8966,1
22782,3
24657,4
12143,4
22863,3
6312,3
6848,3
7554,4
11890,2
3198,4
15261,1
13140,4
21816,3
4758,3
11966,1
23937,3
11862,3
19094,4
11843,4
13227,4
12813,4
21843,4
2082,1
7027,3
13463,3
15117,3
18154,1
9872,1
24794,1
11431,0
2079,1
20032,3
1742,3
19488,3
11817,3
12308,1
22987,3
11711,3
24452,1
998,1
3694,3
2767,1
3207,3
15190,3
20767,3
24288,1
16890,1
13084,3
19984,3
20607,3
14730,4
10821,3
13760,3
17842,3
14733,1
3029,3
21206,3
4294,4
21810,3
13272,4
10376,3
5495,3
4097,3
20141,3
21194,4
17177,3
6299,3
11639,4
19270,3
9480,2
4191,3
24161,3
15917,3
21142,3
509,1
3147,3
17327,4
15007,4
18375,3
5249,3
8860,3
19676,4
13151,3
7474,4
10676,4
3471,3
20957,3
7314,3
23744,4
10300,1
16859,1
5480,4
22105,1
16491,1
14680,3
25148,3
489,3
2758,4
1721,1
11403,1
11348,3
22358,3
73,4
3757,3
13566,4
12117,3
21659,3
785,3
14226,4
11768,3
24198,1
24748,1
4023,3
3310,4
22742,4
13204,3
3089,4
9639,3
13778,4
4837,3
13324,1
1087,1
23519,1
13430,3
15740,1
20337,4
15983,4
24896,3
17688,1
16493,1
4517,3
21569,4
17038,3
7315,4
6814,4
6344,4
14462,3
13031,1
14797,3
3662,3
11417,3
9349,2
9785,3
1712,1
12002,4
5390,3
12347,1
20346,3
23654,3
11094,3
6081,3
23502,4
8928,4
3813,3
18153,1
831,1
10792,1
13600,3
18770,3
24622,4
17344,3
16704,3
536,3
19682,3
6612,4
11622,3
6572,3
14557,1
10483,4
14998,1
20574,4
15933,3
10708,3
18005,3
7325,4
6761,4
15620,4
24942,1
12967,1
6739,3
17377,1
22024,3
8977,1
19942,3
1408,3
3282,3
23809,2
7848,3
18928,4
23127,3
13159,3
10418,3
11057,2
24219,4
14275,3
15329,3
7245,3
824,4
11122,0
4220,3
6636,3
23979,4
23376,3
3721,3
10717,3
10231,2
23470,4
18743,3
4576,3
22301,3
23571,4
25060,3
1747,3
9780,3
15438,1
10958,0
7308,3
4667,3
21883,4
22264,3
16040,3
11323,3
7725,3
19374,4
1761,1
4446,4
10449,4
243,1
3020,3
24239,3
23538,1
3260,3
2212,1
21407,3
735,3
17896,3
15703,1
20693,4
10006,4
12138,3
8391,4
13162,3
20245,3
15795,1
15421,3
17504,4
7311,3
13259,4
19893,3
17351,1
8189,1
4259,4
16311,1
24234,1
23279,3
17586,3
3163,4
14218,3
3281,3
21953,3
10004,3
12447,4
24574,1
22873,0
14412,3
11532,3
16018,1
7090,0
17714,3
17562,3
11772,4
17754,1
4020,3
24868,3
4282,3
22210,3
2220,3
2980,3
6027,3
19153,3
8588,1
2568,1
24855,3
20847,3
11528,3
15939,3
17654,4
12490,1
21378,4
13875,3
8747,3
12165,1
7095,3
11717,3
10960,2
4399,3
21135,4
11368,4
17015,1
25066,3
6950,3
12820,3
4456,3
9964,3
16542,1
11086,4
7064,3
18814,3
14256,3
2055,1
13337,3
2319,1
2394,3
22623,3
9370,3
17605,3
18201,1
15711,1
1217,1
24656,0
24528,4
3720,0
5768,3
8109,3
4603,4
14096,3
15572,1
16914,1
20116,3
23315,4
16719,0
5481,0
17421,4
24317,4
9549,3
7608,4
8847,3
12956,4
10227,4
2532,1
9056,1
21956,3
7252,3
21374,3
17537,3
23813,2
6725,3
17168,1
5201,3
17280,3
13313,4
20896,4
15592,3
10876,3
21355,3
2499,1
17197,3
19202,3
10050,3
10284,1
10884,0
2692,3
15530,3
1783,1
16449,3
24529,3
5729,3
5051,3
898,1
11049,4
11203,1
15954,3
14710,3
24886,4
9633,3
11216,3
19290,3
1101,4
10014,3
17453,3
13815,4
12103,3
17601,4
10064,2
6102,3
3921,3
17339,1
14795,3
6654,4
12375,1
10947,1
9685,0
2488,3
844,1
7275,3
2834,4
5310,3
22040,0
23087,4
6593,3
1211,1
6020,3
2320,1
22821,1
9095,4
668,3
12009,1
7689,3
20218,3
21620,3
14077,4
17559,1
18534,3
19365,3
22536,3
8864,3
24514,1
6900,4
11709,3
15862,4
18688,3
12319,1
24271,4
15107,3
2682,1
21232,3
15430,3
22678,3
8470,1
8068,1
791,3
1968,1
7579,4
20830,4
13091,4
24065,3
18708,3
24128,1
8495,4
4035,3
13586,3
3683,3
18727,1
11260,1
4999,3
9479,1
2805,3
20473,3
18803,3
974,4
7547,3
16453,1
15912,3
20789,4
17675,4
2975,3
14216,3
14783,1
3761,4
13129,4
17790,1
7910,3
13239,3
11466,1
11191,3
12178,3
10737,4
14468,3
16875,1
12037,1
20092,3
3053,3
12255,1
6781,3
8482,2
19565,3
13706,3
16298,3
9144,2
450,3
8807,1
3970,3
8359,1
6144,1
3027,3
24852,3
25173,4
7537,3
16188,3
18387,3
5770,3
9668,3
7377,1
14860,4
1703,4
24693,1
15447,1
24167,4
13110,1
5833,3
5637,4
5366,3
18945,4
17190,3
2159,3
22485,3
11007,3
12155,1
24421,4
20319,3
20378,3
13328,1
5816,3
635,3
24604,0
19451,4
20304,3
16549,1
3307,3
11455,1
7153,3
9580,1
8257,2
15638,1
7127,1
9415,2
23475,1
6473,0
17741,1
821,4
9562,4
6381,3
17314,3
19638,3
639,3
9513,3
20165,3
24503,4
23564,3
8830,2
20452,4
18785,3
3874,3
4198,3
6696,3
8190,1
21284,4
23053,3
23909,4
20464,3
9516,3
19959,3
9446,3
24367,3
9010,3
13702,3
14992,4
19149,3
15705,1
12651,3
9201,4
19789,4
3515,3
16058,1
10575,3
21699,3
1422,1
16050,3
9595,0
10534,3
21681,4
15733,3
9474,3
15578,3
9315,3
8642,2
3870,3
22829,0
8857,3
15576,3
17102,1
9222,3
18218,3
19629,4
917,3
17623,3
15826,1
14383,4
13537,3
24420,4
8791,3
6496,4
21204,3
16782,3
3887,3
18808,3
11406,3
17827,1
17354,1
5528,3
15468,1
22551,3
24450,1
6693,4
10315,3
15034,3
10763,4
5900,4
5619,3
17520,3
16024,3
17962,1
15716,0
4211,3
9295,0
15158,4
883,3
16354,3
15024,3
22071,3
16251,3
11596,3
15095,1
11739,3
4258,4
5275,3
12741,3
319,3
11759,3
7875,3
11572,1
6439,3
24962,1
21824,3
7216,3
12848,3
21955,3
21043,0
4127,3
9482,4
2322,3
19793,3
7297,4
19435,3
6280,0
787,4
4082,3
24312,3
6701,3
4989,3
11206,1
18216,3
9176,1
6263,3
12638,3
23185,0
980,1
16435,3
16166,4
1913,1
20969,3
3235,0
17996,1
2481,3
9012,3
4383,3
6223,4
21373,3
10354,1
302,1
20038,4
16607,3
18315,3
4013,3
4111,3
10139,3
4045,4
9433,3
11910,3
11464,1
391,4
7155,3
16347,3
16104,1
16600,1
8473,4
5198,3
19736,3
4540,4
20374,3
12898,3
20112,3
22773,3
3054,3
11676,4
13592,3
20422,3
22887,3
2806,3
6472,0
10574,0
2762,3
21454,3
14859,4
24333,1
3100,3
23801,2
22333,3
6070,3
6463,4
279,1
23318,1
7030,3
8560,4
24164,1
17834,0
2668,1
12118,3
3567,3
16682,1
25129,4
12979,3
9034,3
16788,3
22641,3
10475,0
10712,3
16994,1
10685,2
24289,1
4175,3
8668,3
5340,3
21326,3
11280,4
17370,1
3677,4
19275,3
18894,1
6723,3
2916,1
11079,4
3297,3
3727,3
20008,3
7070,3
8524,1
207,3
6549,3
18508,3
15394,3
20364,3
564,1
8072,4
14438,3
19106,3
17413,1
8586,0
1958,1
11722,4
718,3
3351,4
17071,1
5027,3
2577,1
16986,3
8022,3
19766,3
12359,1
12014,1
1162,1
22972,3
1735,3
4862,3
1799,3
3391,3
20637,3
6790,3
23018,4
825,4
10361,1
19092,4
3608,3
15276,3
5529,4
14802,0
1641,1
18720,4
6643,3
7072,3
6367,3
5328,3
11217,4
15020,3
11883,1
5756,3
16967,4
21701,3
24854,3
18969,3
13716,4
16921,1
3164,3
10255,1
15945,3
21967,3
9539,4
18257,3
11164,3
4507,3
12810,3
10670,1
5319,3
1061,3
2721,4
1405,3
6599,3
2045,1
10279,1
22460,4
18691,1
9478,0
18681,3
22542,3
17224,1
5850,0
14898,1
17252,3
23933,1
19885,3
20354,3
19215,3
24056,4
9954,3
13473,3
5286,3
12798,4
2012,1
16310,0
16772,3
3557,4
10415,3
14249,3
12523,3
17975,3
7463,4
23418,3
15538,2
1696,1
2288,4
7944,1
18118,3
18336,1
3038,3
13642,3
9760,2
259,1
24253,3
19532,3
4676,3
4321,3
20265,3
16256,1
5271,3
20368,3
2340,4
11608,3
22316,3
19141,3
9115,4
13880,3
8566,4
14918,3
7355,3
7326,4
2523,1
11287,4
16415,3
15686,3
10897,1
236,3
19140,3
6600,3
12913,4
19496,3
22904,3
5289,3
16858,1
7895,3
14979,3
3041,3
9669,3
11245,3
5939,3
13253,3
1305,1
15161,3
19558,3
3030,3
11971,3
10551,3
4728,3
9771,4
19761,3
5269,3
2472,3
354,4
13849,3
5043,3
15037,4
22501,3
12276,3
21122,3
11143,4
12355,1
11035,0
9193,3
19111,3
2735,3
3723,3
7129,1
8581,1
8233,1
12038,1
17438,1
6364,3
8075,4
4543,3
19772,3
2117,1
19648,3
15514,3
4118,3
2146,3
18017,1
5066,3
12555,4
13479,3
14507,1
23179,4
10429,0
17901,1
13854,3
22881,3
14844,1
20667,3
1275,1
10664,4
18724,1
20263,3
7428,3
13946,4
8887,1
25172,4
5040,3
13148,3
2868,3
2629,1
22560,3
22552,3
21658,3
11734,3
22793,3
14768,3
4466,4
3463,4
10948,1
9508,3
14397,3
5035,3
20185,4
15888,3
3913,3
19248,3
10293,3
8673,3
3788,3
18599,1
2987,1
24925,4
12410,3
646,3
18523,3
5338,3
6818,4
18338,1
10026,3
5369,3
461,1
17154,3
2863,1
3340,3
18273,3
11385,1
8817,4
379,3
1317,1
14848,4
8317,1
22797,3
16067,1
13121,3
244,1
21856,3
4272,3
22574,4
6878,3
22072,3
24355,4
14587,4
5707,4
15218,3
8985,4
7936,4
1813,4
3448,3
8733,3
14982,4
6981,0
8104,3
6931,3
14121,4
15817,3
9226,3
9645,3
20302,3
12822,3
9988,4
14884,3
7024,3
1170,1
14759,3
24484,2
20239,0
12918,3
18797,3
10854,3
22839,3
1724,3
18023,1
2736,3
1083,1
19425,3
12981,4
22424,3
22405,3
8052,1
2357,1
24144,3
18122,3
8061,3
25056,3
12156,1
2754,1
9210,2
13813,4
861,1
13581,3
12438,3
1744,3
14111,4
21839,4
19539,3
24573,1
1552,4
10590,3
15531,3
23867,4
8263,1
24961,1
21942,3
14896,3
9618,1
12478,1
7477,4
21972,3
12830,1
13752,3
4449,4
16731,0
8716,3
10924,4
12595,3
9546,3
21667,3
17898,3
15393,3
5925,3
13861,3
8278,0
19031,4
20753,3
19663,3
19440,3
3275,4
16171,3
5509,3
10343,1
19845,3
7988,4
1323,4
21121,3
18260,3
4114,3
7164,3
4091,4
23731,1
13158,3
2393,3
25188,3
5705,4
17890,4
22089,3
15982,4
19335,3
17115,1
7658,3
21510,3
17883,3
5297,3
7675,3
677,4
6414,3
3980,3
15859,3
15369,3
17256,3
11500,1
1572,4
18813,3
13489,3
15392,3
10373,3
2305,1
18588,1
7715,3
19790,4
21463,3
15562,4
779,3
23308,4
15646,1
845,4
3238,0
9690,2
21777,3
22151,3
15165,3
12394,3
11210,4
11876,4
15047,4
23015,3
17808,3
5041,3
4580,3
1272,1
16647,1
16594,3
3368,3
21669,3
6013,3
21445,4
1790,1
19756,3
8948,1
10514,1
24095,0
12985,3
13599,3
24683,2
9503,3
17266,3
3016,4
20535,3
21557,3
2386,3
14522,3
14029,3
2633,1
23602,1
18679,1
8374,4
9259,3
11494,1
14508,3
5975,3
3700,3
13876,3
21277,3
5794,4
14284,3
3531,3
10384,2
19757,3
3901,3
11870,4
20606,3
15233,3
21402,3
8647,1
7318,3
1117,3
12865,1
22062,3
8471,1
9155,2
2685,0
21720,4
6161,3
12958,4
1904,1
2586,3
15167,3
4100,3
13274,1
2058,1
17744,3
10890,3
24532,3
3182,3
6265,3
19197,3
1441,4
17069,1
1119,3
1842,3
20781,3
15450,1
18804,3
18693,4
6254,3
21106,3
11839,1
10839,1
10559,2
1963,1
9975,0
16340,1
10547,3
7159,3
16174,1
21533,3
4292,4
6379,3
12417,3
13953,3
4976,3
13472,3
5879,3
372,1
17561,3
15800,3
25069,3
23999,1
21214,4
22532,3
3190,4
3848,3
12556,4
10378,4
21597,4
11412,1
16492,1
5259,4
6758,4
12890,3
14170,3
17715,4
6958,3
7586,3
12331,1
9951,3
20703,3
12975,3
8617,1
21798,4
23620,3
9392,3
11098,3
4135,3
12083,1
16871,1
24132,3
766,3
13619,3
14669,4
8522,3
22116,4
20834,3
17236,3
18806,3
10364,0
8228,1
9879,0
8772,1
14853,3
16670,1
16552,1
25170,4
13945,3
11121,4
12897,3
6274,3
16517,4
223,0
6650,3
15104,4
3972,3
10066,0
14050,3
21765,4
5110,3
21809,3
3998,4
9564,3
15611,1
12701,3
9081,3
16500,1
2886,1
1707,1
1586,1
17947,3
266,3
79,4
589,3
15992,1
5418,4
1818,1
17004,3
11982,1
8031,1
11474,1
14675,3
1743,1
3609,3
11611,3
19152,4
9234,3
13137,4
7255,3
20105,3
10562,1
19828,3
15808,3
11777,3
11888,1
23757,0
16342,4
20819,4
14326,3
22063,3
15345,3
17447,4
6041,0
24071,1
3177,3
11390,1
5283,4
2217,1
11381,1
8844,3
17034,3
8804,0
13379,4
310,1
11578,3
25199,4
3162,3
19024,3
4693,3
15807,3
9745,4
8846,3
22528,3
11054,0
7189,3
18834,3
1404,3
17723,3
23289,4
16512,1
22890,3
4866,3
14650,3
7883,3
22261,3
5589,4
20938,3
12222,3
569,3
18060,4
13833,3
16051,3
10957,0
23390,1
10278,1
196,3
10078,3
21666,3
5611,3
15333,3
693,3
14270,3
2424,4
901,3
11299,4
8964,3
21276,3
23473,1
22430,3
22572,3
16438,1
11879,1
18094,1
3481,3
3087,4
1031,1
24140,3
119,1
7568,3
20669,3
10359,1
9592,4
12598,3
3666,3
23616,1
16489,1
16924,4
16147,3
7866,3
6110,3
6809,3
19236,3
5647,3
17255,3
21031,4
22224,3
8497,4
10688,4
10106,1
1027,3
4051,3
20075,3
16718,0
16122,1
22144,0
7041,3
913,1
16029,1
19517,3
14163,4
14457,3
18933,3
8251,4
1427,0
661,3
1767,4
22427,3
8347,3
16048,3
7376,3
1144,1
19543,3
483,3
21888,3
6146,4
17956,1
23884,2
14572,3
12185,3
11617,3
10476,0
5862,4
15273,3
6109,3
17614,3
16451,3
23428,4
14017,3
9573,3
23072,3
14741,4
21187,3
6356,0
7347,3
20462,3
24858,4
11960,3
4579,4
8152,1
11456,1
19172,4
20634,3
8508,0
3814,3
6001,3
22295,3
4413,4
14926,3
22708,3
25116,3
17704,4
4566,4
16947,3
5944,3
6765,0
7726,4
16652,4
4707,4
1568,1
2713,1
23607,1
6191,3
18949,3
17117,1
16554,3
4265,3
10523,3
7094,3
1152,1
6775,3
22571,3
23984,0
16337,1
15526,3
24282,1
4749,4
4142,3
13105,3
22274,3
25107,3
19314,3
197,3
1734,3
6686,4
22233,3
21949,3
17093,1
17908,1
15993,3
9166,2
4266,3
4533,3
22387,3
24828,1
9239,3
5221,4
23427,4
2086,1
10672,2
11504,1
6891,3
18778,1
8826,1
1575,4
5605,3
25105,3
2037,1
17521,3
4668,3
7287,3
1249,3
17655,4
18980,3
8867,3
2418,3
10143,4
23843,3
2684,4
1852,1
11795,3
8711,1
23142,4
5840,3
750,3
4306,3
13496,3
19762,3
22996,3
7898,4
8936,4
9866,3
20918,3
17500,4
22473,3
4090,3
14109,3
8329,1
23268,4
24885,4
957,1
6002,3
5829,3
22906,3
18400,1
3130,4
13829,3
23678,1
4608,0
14585,3
13338,3
11956,1
5560,3
9953,4
23026,0
23262,1
7704,4
23231,1
532,3
6443,4
3602,3
22367,3
17040,1
6069,3
6221,4
10898,1
2040,1
12010,1
22088,3
10911,3
19096,4
19791,0
10634,3
17974,3
13174,3
4743,4
11757,3
16691,3
10448,4
11407,1
13049,3
6720,3
9250,3
18902,3
17789,1
11903,4
10009,4
3189,4
1029,1
13203,1
4130,3
16510,3
5890,3
23642,3
24178,1
4814,3
1929,1
16324,0
24114,1
4773,3
24087,1
8893,1
22591,4
20147,3
4293,4
22566,3
10755,4
4038,3
17847,3
18168,1
1189,1
1589,1
20503,4
13800,3
12368,1
10846,1
2852,1
12943,4
23165,3
8176,1
13185,3
6657,4
8500,0
12240,3
12289,1
2564,1
7170,1
14106,3
3932,3
11648,3
18705,3
16467,1
813,3
8346,3
3713,3
11678,1
13739,3
16651,4
19830,4
4845,3
5535,4
1465,1
6293,3
3277,0
22038,4
21889,3
4616,4
9827,3
17411,1
11893,1
17458,4
2565,1
6526,3
9466,2
4907,4
18665,3
14871,3
24847,3
17143,1
20155,3
20370,3
17757,3
20704,0
22147,3
23914,3
22471,3
6501,3
2491,1
22035,4
23967,3
